Domain;Url;Keywords SERP Features
www.fatbrainbaby.com;https://www.fatbrainbaby.com/products/baby_toys/sensory_toys/;6,9,13,20,21,34,36,52
sassybaby.com;https://sassybaby.com/;6,9,13,20,21,34,36,52
www.itzyritzy.com;https://www.itzyritzy.com/collections/sensory-learning-toys;6,9,13,20,21,34,36,52
www.manhattantoy.com;https://www.manhattantoy.com/collections/visual-support;6,9,13,20,21,34,36,52
www.moonkieshop.com;https://www.moonkieshop.com/collections/baby-toys;6,9,13,20,21,34,36,52
www.target.com;https://www.target.com/c/baby-toys/-/N-54wlm;6,9,13,20,21,34,36,52
www.amazon.com;https://www.amazon.com/sensory-toys-babies/s?k=sensory+toys+for+babies;6,9,13,20,21,34,36,52
www.youtube.com;https://www.youtube.com/watch?v=cDCKm5No8iQ;6,9,13,20,21,34,36,52
funandfunction.com;https://funandfunction.com/blogs/blog/top-baby-sensory-toys-1;6,9,13,20,21,34,36,52
www.babylist.com;https://www.babylist.com/store/toys;6,9,13,20,21,34,36,52
www.discoverytoys.us;https://www.discoverytoys.us/collections/babys-first-toys;6,9,13,20,21,34,36,52
www.lakeshorelearning.com;https://www.lakeshorelearning.com/products/infants-toddlers/sensory-development/N/1823077852/;6,9,13,20,21,34,36,52
www.sensorystore.ie;https://www.sensorystore.ie/blogs/news/top-10-sensory-toys-for-babies-0-12-months-backed-by-child-development-experts;6,9,13,20,21,34,36,52
www.youtube.com;https://www.youtube.com/watch?v=KhCVN5UllWY;6,9,13,20,21,34,36,52
kidsjoytoys.com;https://kidsjoytoys.com/blogs/baby-toys/sensory-toys-for-newborns-top-picks-to-boost-early-development;6,9,13,20,21,34,36,52
montessorigeneration.com;https://montessorigeneration.com/collections/montessori-sensory-toys;6,9,13,20,21,34,36,52
toycycle.co;https://toycycle.co/collections/sensory-toys-infant;6,9,13,20,21,34,36,52
www.walmart.com;https://www.walmart.com/browse/baby/baby-sensory-toys/5427_491351_4527142;6,9,13,20,21,34,36,52
www.geniusbabies.com;https://www.geniusbabies.com/collections/sensory-toys;6,9,13,20,21,34,36,52
www.sensorygift.com;https://www.sensorygift.com/sensory-for-babies-toddlers/sensory-toys-babies/best/;6,9,13,20,21,34,36,52

